{
    "name": "notification",
    "attributes": { "xmlns": "urn:ietf:params:xml:ns:netconf:notification:1.0" },
    "children": [{
            "name": "eventTime",
            "attributes": {},
            "children": [],
            "value": "2022-05-25T08:42:56+02:00"
        },
        {
            "name": "data-changed-notification",
            "attributes": {
                "xmlns": "urn:opendaylight:params:xml:ns:yang:controller:md:sal:remote"
            },
            "children": [{
                    "name": "data-change-event",
                    "attributes": {},
                    "children": [{
                            "name": "path",
                            "attributes": {
                                "xmlns:axbw": "urn:opendaylight:flow:inventory",
                                "xmlns:dwhk": "urn:opendaylight:inventory"
                            },
                            "children": [],
                            "value": "/dwhk:nodes/dwhk:node[dwhk:id='openflow:1']/axbw:table[axbw:id='0']"
                        },
                        {
                            "name": "operation",
                            "attributes": {},
                            "children": [],
                            "value": "updated"
                        },
                        {
                            "name": "data",
                            "attributes": {},
                            "children": [{
                                "name": "table",
                                "attributes": { "xmlns": "urn:opendaylight:flow:inventory" },
                                "children": [{
                                    "name": "id",
                                    "attributes": {},
                                    "children": [],
                                    "value": "0"
                                }],
                                "value": ""
                            }],
                            "value": ""
                        }
                    ],
                    "value": ""
                },
                {
                    "name": "data-change-event",
                    "attributes": {},
                    "children": [{
                            "name": "path",
                            "attributes": { "xmlns:zjao": "urn:opendaylight:inventory" },
                            "children": [],
                            "value": "/zjao:nodes/zjao:node[zjao:id='openflow:1']"
                        },
                        {
                            "name": "operation",
                            "attributes": {},
                            "children": [],
                            "value": "updated"
                        },
                        {
                            "name": "data",
                            "attributes": {},
                            "children": [{
                                "name": "node",
                                "attributes": { "xmlns": "urn:opendaylight:inventory" },
                                "children": [{
                                        "name": "id",
                                        "attributes": {},
                                        "children": [],
                                        "value": "openflow:1"
                                    },
                                    {
                                        "name": "table",
                                        "attributes": {
                                            "xmlns": "urn:opendaylight:flow:inventory"
                                        },
                                        "children": [{
                                            "name": "id",
                                            "attributes": {},
                                            "children": [],
                                            "value": "22"
                                        }],
                                        "value": ""
                                    },
                                    {
                                        "name": "table",
                                        "attributes": {
                                            "xmlns": "urn:opendaylight:flow:inventory"
                                        },
                                        "children": [{
                                            "name": "id",
                                            "attributes": {},
                                            "children": [],
                                            "value": "21"
                                        }],
                                        "value": ""
                                    },
                                    {
                                        "name": "table",
                                        "attributes": {
                                            "xmlns": "urn:opendaylight:flow:inventory"
                                        },
                                        "children": [{
                                                "name": "id",
                                                "attributes": {},
                                                "children": [],
                                                "value": "11"
                                            },
                                            {
                                                "name": "flow",
                                                "attributes": {},
                                                "children": [{
                                                        "name": "id",
                                                        "attributes": {},
                                                        "children": [],
                                                        "value": "122"
                                                    },
                                                    {
                                                        "name": "instructions",
                                                        "attributes": {},
                                                        "children": [{
                                                            "name": "instruction",
                                                            "attributes": {},
                                                            "children": [{
                                                                    "name": "order",
                                                                    "attributes": {},
                                                                    "children": [],
                                                                    "value": "0"
                                                                },
                                                                {
                                                                    "name": "apply-actions",
                                                                    "attributes": {},
                                                                    "children": [{
                                                                            "name": "action",
                                                                            "attributes": {},
                                                                            "children": [{
                                                                                    "name": "order",
                                                                                    "attributes": {},
                                                                                    "children": [],
                                                                                    "value": "0"
                                                                                },
                                                                                {
                                                                                    "name": "drop-action",
                                                                                    "attributes": {},
                                                                                    "children": [],
                                                                                    "value": ""
                                                                                }
                                                                            ],
                                                                            "value": ""
                                                                        },
                                                                        {
                                                                            "name": "action",
                                                                            "attributes": {},
                                                                            "children": [{
                                                                                    "name": "order",
                                                                                    "attributes": {},
                                                                                    "children": [],
                                                                                    "value": "1"
                                                                                },
                                                                                {
                                                                                    "name": "output-action",
                                                                                    "attributes": {},
                                                                                    "children": [{
                                                                                        "name": "output-node-connector",
                                                                                        "attributes": {},
                                                                                        "children": [],
                                                                                        "value": "FLOOD"
                                                                                    }],
                                                                                    "value": ""
                                                                                }
                                                                            ],
                                                                            "value": ""
                                                                        }
                                                                    ],
                                                                    "value": ""
                                                                }
                                                            ],
                                                            "value": ""
                                                        }],
                                                        "value": ""
                                                    },
                                                    {
                                                        "name": "installHw",
                                                        "attributes": {},
                                                        "children": [],
                                                        "value": "false"
                                                    },
                                                    {
                                                        "name": "match",
                                                        "attributes": {},
                                                        "children": [{
                                                            "name": "in-port",
                                                            "attributes": {},
                                                            "children": [],
                                                            "value": "openflow:1:1"
                                                        }],
                                                        "value": ""
                                                    },
                                                    {
                                                        "name": "hard-timeout",
                                                        "attributes": {},
                                                        "children": [],
                                                        "value": "0"
                                                    },
                                                    {
                                                        "name": "priority",
                                                        "attributes": {},
                                                        "children": [],
                                                        "value": "3000"
                                                    },
                                                    {
                                                        "name": "table_id",
                                                        "attributes": {},
                                                        "children": [],
                                                        "value": "11"
                                                    },
                                                    {
                                                        "name": "idle-timeout",
                                                        "attributes": {},
                                                        "children": [],
                                                        "value": "0"
                                                    },
                                                    {
                                                        "name": "strict",
                                                        "attributes": {},
                                                        "children": [],
                                                        "value": "false"
                                                    }
                                                ],
                                                "value": ""
                                            }
                                        ],
                                        "value": ""
                                    },
                                    {
                                        "name": "table",
                                        "attributes": {
                                            "xmlns": "urn:opendaylight:flow:inventory"
                                        },
                                        "children": [{
                                            "name": "id",
                                            "attributes": {},
                                            "children": [],
                                            "value": "13"
                                        }],
                                        "value": ""
                                    },
                                    {
                                        "name": "table",
                                        "attributes": {
                                            "xmlns": "urn:opendaylight:flow:inventory"
                                        },
                                        "children": [{
                                            "name": "id",
                                            "attributes": {},
                                            "children": [],
                                            "value": "12"
                                        }],
                                        "value": ""
                                    },
                                    {
                                        "name": "table",
                                        "attributes": {
                                            "xmlns": "urn:opendaylight:flow:inventory"
                                        },
                                        "children": [{
                                            "name": "id",
                                            "attributes": {},
                                            "children": [],
                                            "value": "2"
                                        }],
                                        "value": ""
                                    },
                                    {
                                        "name": "table",
                                        "attributes": {
                                            "xmlns": "urn:opendaylight:flow:inventory"
                                        },
                                        "children": [{
                                            "name": "id",
                                            "attributes": {},
                                            "children": [],
                                            "value": "1"
                                        }],
                                        "value": ""
                                    },
                                    {
                                        "name": "table",
                                        "attributes": {
                                            "xmlns": "urn:opendaylight:flow:inventory"
                                        },
                                        "children": [{
                                            "name": "id",
                                            "attributes": {},
                                            "children": [],
                                            "value": "0"
                                        }],
                                        "value": ""
                                    }
                                ],
                                "value": ""
                            }],
                            "value": ""
                        }
                    ],
                    "value": ""
                },
                {
                    "name": "data-change-event",
                    "attributes": {},
                    "children": [{
                            "name": "path",
                            "attributes": { "xmlns:unfs": "urn:opendaylight:inventory" },
                            "children": [],
                            "value": "/unfs:nodes"
                        },
                        {
                            "name": "operation",
                            "attributes": {},
                            "children": [],
                            "value": "updated"
                        },
                        {
                            "name": "data",
                            "attributes": {},
                            "children": [{
                                "name": "nodes",
                                "attributes": { "xmlns": "urn:opendaylight:inventory" },
                                "children": [{
                                        "name": "node",
                                        "attributes": {},
                                        "children": [{
                                                "name": "id",
                                                "attributes": {},
                                                "children": [],
                                                "value": "openflow:1"
                                            },
                                            {
                                                "name": "table",
                                                "attributes": {
                                                    "xmlns": "urn:opendaylight:flow:inventory"
                                                },
                                                "children": [{
                                                    "name": "id",
                                                    "attributes": {},
                                                    "children": [],
                                                    "value": "22"
                                                }],
                                                "value": ""
                                            },
                                            {
                                                "name": "table",
                                                "attributes": {
                                                    "xmlns": "urn:opendaylight:flow:inventory"
                                                },
                                                "children": [{
                                                    "name": "id",
                                                    "attributes": {},
                                                    "children": [],
                                                    "value": "21"
                                                }],
                                                "value": ""
                                            },
                                            {
                                                "name": "table",
                                                "attributes": {
                                                    "xmlns": "urn:opendaylight:flow:inventory"
                                                },
                                                "children": [{
                                                        "name": "id",
                                                        "attributes": {},
                                                        "children": [],
                                                        "value": "11"
                                                    },
                                                    {
                                                        "name": "flow",
                                                        "attributes": {},
                                                        "children": [{
                                                                "name": "id",
                                                                "attributes": {},
                                                                "children": [],
                                                                "value": "122"
                                                            },
                                                            {
                                                                "name": "instructions",
                                                                "attributes": {},
                                                                "children": [{
                                                                    "name": "instruction",
                                                                    "attributes": {},
                                                                    "children": [{
                                                                            "name": "order",
                                                                            "attributes": {},
                                                                            "children": [],
                                                                            "value": "0"
                                                                        },
                                                                        {
                                                                            "name": "apply-actions",
                                                                            "attributes": {},
                                                                            "children": [{
                                                                                    "name": "action",
                                                                                    "attributes": {},
                                                                                    "children": [{
                                                                                            "name": "order",
                                                                                            "attributes": {},
                                                                                            "children": [],
                                                                                            "value": "0"
                                                                                        },
                                                                                        {
                                                                                            "name": "drop-action",
                                                                                            "attributes": {},
                                                                                            "children": [],
                                                                                            "value": ""
                                                                                        }
                                                                                    ],
                                                                                    "value": ""
                                                                                },
                                                                                {
                                                                                    "name": "action",
                                                                                    "attributes": {},
                                                                                    "children": [{
                                                                                            "name": "order",
                                                                                            "attributes": {},
                                                                                            "children": [],
                                                                                            "value": "1"
                                                                                        },
                                                                                        {
                                                                                            "name": "output-action",
                                                                                            "attributes": {},
                                                                                            "children": [{
                                                                                                "name": "output-node-connector",
                                                                                                "attributes": {},
                                                                                                "children": [],
                                                                                                "value": "FLOOD"
                                                                                            }],
                                                                                            "value": ""
                                                                                        }
                                                                                    ],
                                                                                    "value": ""
                                                                                }
                                                                            ],
                                                                            "value": ""
                                                                        }
                                                                    ],
                                                                    "value": ""
                                                                }],
                                                                "value": ""
                                                            },
                                                            {
                                                                "name": "installHw",
                                                                "attributes": {},
                                                                "children": [],
                                                                "value": "false"
                                                            },
                                                            {
                                                                "name": "match",
                                                                "attributes": {},
                                                                "children": [{
                                                                    "name": "in-port",
                                                                    "attributes": {},
                                                                    "children": [],
                                                                    "value": "openflow:1:1"
                                                                }],
                                                                "value": ""
                                                            },
                                                            {
                                                                "name": "hard-timeout",
                                                                "attributes": {},
                                                                "children": [],
                                                                "value": "0"
                                                            },
                                                            {
                                                                "name": "priority",
                                                                "attributes": {},
                                                                "children": [],
                                                                "value": "3000"
                                                            },
                                                            {
                                                                "name": "table_id",
                                                                "attributes": {},
                                                                "children": [],
                                                                "value": "11"
                                                            },
                                                            {
                                                                "name": "idle-timeout",
                                                                "attributes": {},
                                                                "children": [],
                                                                "value": "0"
                                                            },
                                                            {
                                                                "name": "strict",
                                                                "attributes": {},
                                                                "children": [],
                                                                "value": "false"
                                                            }
                                                        ],
                                                        "value": ""
                                                    }
                                                ],
                                                "value": ""
                                            },
                                            {
                                                "name": "table",
                                                "attributes": {
                                                    "xmlns": "urn:opendaylight:flow:inventory"
                                                },
                                                "children": [{
                                                    "name": "id",
                                                    "attributes": {},
                                                    "children": [],
                                                    "value": "13"
                                                }],
                                                "value": ""
                                            },
                                            {
                                                "name": "table",
                                                "attributes": {
                                                    "xmlns": "urn:opendaylight:flow:inventory"
                                                },
                                                "children": [{
                                                    "name": "id",
                                                    "attributes": {},
                                                    "children": [],
                                                    "value": "12"
                                                }],
                                                "value": ""
                                            },
                                            {
                                                "name": "table",
                                                "attributes": {
                                                    "xmlns": "urn:opendaylight:flow:inventory"
                                                },
                                                "children": [{
                                                    "name": "id",
                                                    "attributes": {},
                                                    "children": [],
                                                    "value": "2"
                                                }],
                                                "value": ""
                                            },
                                            {
                                                "name": "table",
                                                "attributes": {
                                                    "xmlns": "urn:opendaylight:flow:inventory"
                                                },
                                                "children": [{
                                                    "name": "id",
                                                    "attributes": {},
                                                    "children": [],
                                                    "value": "1"
                                                }],
                                                "value": ""
                                            },
                                            {
                                                "name": "table",
                                                "attributes": {
                                                    "xmlns": "urn:opendaylight:flow:inventory"
                                                },
                                                "children": [{
                                                    "name": "id",
                                                    "attributes": {},
                                                    "children": [],
                                                    "value": "0"
                                                }],
                                                "value": ""
                                            }
                                        ],
                                        "value": ""
                                    },
                                    {
                                        "name": "node",
                                        "attributes": {},
                                        "children": [{
                                                "name": "id",
                                                "attributes": {},
                                                "children": [],
                                                "value": "openflow:5"
                                            },
                                            {
                                                "name": "table",
                                                "attributes": {
                                                    "xmlns": "urn:opendaylight:flow:inventory"
                                                },
                                                "children": [{
                                                    "name": "id",
                                                    "attributes": {},
                                                    "children": [],
                                                    "value": "0"
                                                }],
                                                "value": ""
                                            }
                                        ],
                                        "value": ""
                                    },
                                    {
                                        "name": "node",
                                        "attributes": {},
                                        "children": [{
                                                "name": "id",
                                                "attributes": {},
                                                "children": [],
                                                "value": "openflow:4"
                                            },
                                            {
                                                "name": "table",
                                                "attributes": {
                                                    "xmlns": "urn:opendaylight:flow:inventory"
                                                },
                                                "children": [{
                                                    "name": "id",
                                                    "attributes": {},
                                                    "children": [],
                                                    "value": "27"
                                                }],
                                                "value": ""
                                            }
                                        ],
                                        "value": ""
                                    },
                                    {
                                        "name": "node",
                                        "attributes": {},
                                        "children": [{
                                                "name": "id",
                                                "attributes": {},
                                                "children": [],
                                                "value": "openflow:3"
                                            },
                                            {
                                                "name": "table",
                                                "attributes": {
                                                    "xmlns": "urn:opendaylight:flow:inventory"
                                                },
                                                "children": [{
                                                    "name": "id",
                                                    "attributes": {},
                                                    "children": [],
                                                    "value": "11"
                                                }],
                                                "value": ""
                                            },
                                            {
                                                "name": "table",
                                                "attributes": {
                                                    "xmlns": "urn:opendaylight:flow:inventory"
                                                },
                                                "children": [{
                                                    "name": "id",
                                                    "attributes": {},
                                                    "children": [],
                                                    "value": "2"
                                                }],
                                                "value": ""
                                            },
                                            {
                                                "name": "table",
                                                "attributes": {
                                                    "xmlns": "urn:opendaylight:flow:inventory"
                                                },
                                                "children": [{
                                                    "name": "id",
                                                    "attributes": {},
                                                    "children": [],
                                                    "value": "1"
                                                }],
                                                "value": ""
                                            },
                                            {
                                                "name": "table",
                                                "attributes": {
                                                    "xmlns": "urn:opendaylight:flow:inventory"
                                                },
                                                "children": [{
                                                    "name": "id",
                                                    "attributes": {},
                                                    "children": [],
                                                    "value": "0"
                                                }],
                                                "value": ""
                                            }
                                        ],
                                        "value": ""
                                    },
                                    {
                                        "name": "node",
                                        "attributes": {},
                                        "children": [{
                                                "name": "id",
                                                "attributes": {},
                                                "children": [],
                                                "value": "openflow:2"
                                            },
                                            {
                                                "name": "table",
                                                "attributes": {
                                                    "xmlns": "urn:opendaylight:flow:inventory"
                                                },
                                                "children": [{
                                                    "name": "id",
                                                    "attributes": {},
                                                    "children": [],
                                                    "value": "22"
                                                }],
                                                "value": ""
                                            },
                                            {
                                                "name": "table",
                                                "attributes": {
                                                    "xmlns": "urn:opendaylight:flow:inventory"
                                                },
                                                "children": [{
                                                    "name": "id",
                                                    "attributes": {},
                                                    "children": [],
                                                    "value": "1"
                                                }],
                                                "value": ""
                                            },
                                            {
                                                "name": "table",
                                                "attributes": {
                                                    "xmlns": "urn:opendaylight:flow:inventory"
                                                },
                                                "children": [{
                                                        "name": "id",
                                                        "attributes": {},
                                                        "children": [],
                                                        "value": "33"
                                                    },
                                                    {
                                                        "name": "flow",
                                                        "attributes": {},
                                                        "children": [{
                                                                "name": "id",
                                                                "attributes": {},
                                                                "children": [],
                                                                "value": "152"
                                                            },
                                                            {
                                                                "name": "instructions",
                                                                "attributes": {},
                                                                "children": [{
                                                                    "name": "instruction",
                                                                    "attributes": {},
                                                                    "children": [{
                                                                            "name": "order",
                                                                            "attributes": {},
                                                                            "children": [],
                                                                            "value": "0"
                                                                        },
                                                                        {
                                                                            "name": "apply-actions",
                                                                            "attributes": {},
                                                                            "children": [{
                                                                                "name": "action",
                                                                                "attributes": {},
                                                                                "children": [{
                                                                                        "name": "order",
                                                                                        "attributes": {},
                                                                                        "children": [],
                                                                                        "value": "0"
                                                                                    },
                                                                                    {
                                                                                        "name": "drop-action",
                                                                                        "attributes": {},
                                                                                        "children": [],
                                                                                        "value": ""
                                                                                    }
                                                                                ],
                                                                                "value": ""
                                                                            }],
                                                                            "value": ""
                                                                        }
                                                                    ],
                                                                    "value": ""
                                                                }],
                                                                "value": ""
                                                            },
                                                            {
                                                                "name": "installHw",
                                                                "attributes": {},
                                                                "children": [],
                                                                "value": "false"
                                                            },
                                                            {
                                                                "name": "match",
                                                                "attributes": {},
                                                                "children": [{
                                                                    "name": "in-port",
                                                                    "attributes": {},
                                                                    "children": [],
                                                                    "value": "openflow:2:4"
                                                                }],
                                                                "value": ""
                                                            },
                                                            {
                                                                "name": "hard-timeout",
                                                                "attributes": {},
                                                                "children": [],
                                                                "value": "60"
                                                            },
                                                            {
                                                                "name": "priority",
                                                                "attributes": {},
                                                                "children": [],
                                                                "value": "1254"
                                                            },
                                                            {
                                                                "name": "table_id",
                                                                "attributes": {},
                                                                "children": [],
                                                                "value": "33"
                                                            },
                                                            {
                                                                "name": "idle-timeout",
                                                                "attributes": {},
                                                                "children": [],
                                                                "value": "40"
                                                            },
                                                            {
                                                                "name": "strict",
                                                                "attributes": {},
                                                                "children": [],
                                                                "value": "false"
                                                            }
                                                        ],
                                                        "value": ""
                                                    },
                                                    {
                                                        "name": "flow",
                                                        "attributes": {},
                                                        "children": [{
                                                                "name": "id",
                                                                "attributes": {},
                                                                "children": [],
                                                                "value": "158"
                                                            },
                                                            {
                                                                "name": "instructions",
                                                                "attributes": {},
                                                                "children": [{
                                                                    "name": "instruction",
                                                                    "attributes": {},
                                                                    "children": [{
                                                                            "name": "order",
                                                                            "attributes": {},
                                                                            "children": [],
                                                                            "value": "0"
                                                                        },
                                                                        {
                                                                            "name": "apply-actions",
                                                                            "attributes": {},
                                                                            "children": [{
                                                                                "name": "action",
                                                                                "attributes": {},
                                                                                "children": [{
                                                                                        "name": "order",
                                                                                        "attributes": {},
                                                                                        "children": [],
                                                                                        "value": "0"
                                                                                    },
                                                                                    {
                                                                                        "name": "output-action",
                                                                                        "attributes": {},
                                                                                        "children": [{
                                                                                            "name": "output-node-connector",
                                                                                            "attributes": {},
                                                                                            "children": [],
                                                                                            "value": "FLOOD"
                                                                                        }],
                                                                                        "value": ""
                                                                                    }
                                                                                ],
                                                                                "value": ""
                                                                            }],
                                                                            "value": ""
                                                                        }
                                                                    ],
                                                                    "value": ""
                                                                }],
                                                                "value": ""
                                                            },
                                                            {
                                                                "name": "installHw",
                                                                "attributes": {},
                                                                "children": [],
                                                                "value": "false"
                                                            },
                                                            {
                                                                "name": "match",
                                                                "attributes": {},
                                                                "children": [{
                                                                        "name": "ipv4-destination",
                                                                        "attributes": {},
                                                                        "children": [],
                                                                        "value": "192.168.1.2/24"
                                                                    },
                                                                    {
                                                                        "name": "in-port",
                                                                        "attributes": {},
                                                                        "children": [],
                                                                        "value": "openflow:2:4"
                                                                    }
                                                                ],
                                                                "value": ""
                                                            },
                                                            {
                                                                "name": "hard-timeout",
                                                                "attributes": {},
                                                                "children": [],
                                                                "value": "0"
                                                            },
                                                            {
                                                                "name": "priority",
                                                                "attributes": {},
                                                                "children": [],
                                                                "value": "1238"
                                                            },
                                                            {
                                                                "name": "table_id",
                                                                "attributes": {},
                                                                "children": [],
                                                                "value": "33"
                                                            },
                                                            {
                                                                "name": "idle-timeout",
                                                                "attributes": {},
                                                                "children": [],
                                                                "value": "0"
                                                            },
                                                            {
                                                                "name": "strict",
                                                                "attributes": {},
                                                                "children": [],
                                                                "value": "false"
                                                            }
                                                        ],
                                                        "value": ""
                                                    },
                                                    {
                                                        "name": "flow",
                                                        "attributes": {},
                                                        "children": [{
                                                                "name": "id",
                                                                "attributes": {},
                                                                "children": [],
                                                                "value": "150"
                                                            },
                                                            {
                                                                "name": "instructions",
                                                                "attributes": {},
                                                                "children": [{
                                                                    "name": "instruction",
                                                                    "attributes": {},
                                                                    "children": [{
                                                                            "name": "order",
                                                                            "attributes": {},
                                                                            "children": [],
                                                                            "value": "0"
                                                                        },
                                                                        {
                                                                            "name": "apply-actions",
                                                                            "attributes": {},
                                                                            "children": [{
                                                                                "name": "action",
                                                                                "attributes": {},
                                                                                "children": [{
                                                                                        "name": "order",
                                                                                        "attributes": {},
                                                                                        "children": [],
                                                                                        "value": "0"
                                                                                    },
                                                                                    {
                                                                                        "name": "output-action",
                                                                                        "attributes": {},
                                                                                        "children": [{
                                                                                            "name": "output-node-connector",
                                                                                            "attributes": {},
                                                                                            "children": [],
                                                                                            "value": "FLOOD"
                                                                                        }],
                                                                                        "value": ""
                                                                                    }
                                                                                ],
                                                                                "value": ""
                                                                            }],
                                                                            "value": ""
                                                                        }
                                                                    ],
                                                                    "value": ""
                                                                }],
                                                                "value": ""
                                                            },
                                                            {
                                                                "name": "installHw",
                                                                "attributes": {},
                                                                "children": [],
                                                                "value": "false"
                                                            },
                                                            {
                                                                "name": "match",
                                                                "attributes": {},
                                                                "children": [{
                                                                    "name": "in-port",
                                                                    "attributes": {},
                                                                    "children": [],
                                                                    "value": "openflow:2:4"
                                                                }],
                                                                "value": ""
                                                            },
                                                            {
                                                                "name": "hard-timeout",
                                                                "attributes": {},
                                                                "children": [],
                                                                "value": "0"
                                                            },
                                                            {
                                                                "name": "priority",
                                                                "attributes": {},
                                                                "children": [],
                                                                "value": "2224"
                                                            },
                                                            {
                                                                "name": "table_id",
                                                                "attributes": {},
                                                                "children": [],
                                                                "value": "33"
                                                            },
                                                            {
                                                                "name": "idle-timeout",
                                                                "attributes": {},
                                                                "children": [],
                                                                "value": "0"
                                                            },
                                                            {
                                                                "name": "strict",
                                                                "attributes": {},
                                                                "children": [],
                                                                "value": "false"
                                                            }
                                                        ],
                                                        "value": ""
                                                    }
                                                ],
                                                "value": ""
                                            },
                                            {
                                                "name": "table",
                                                "attributes": {
                                                    "xmlns": "urn:opendaylight:flow:inventory"
                                                },
                                                "children": [{
                                                    "name": "id",
                                                    "attributes": {},
                                                    "children": [],
                                                    "value": "0"
                                                }],
                                                "value": ""
                                            }
                                        ],
                                        "value": ""
                                    }
                                ],
                                "value": ""
                            }],
                            "value": ""
                        }
                    ],
                    "value": ""
                },
                {
                    "name": "data-change-event",
                    "attributes": {},
                    "children": [{
                            "name": "path",
                            "attributes": {
                                "xmlns:hlhh": "urn:opendaylight:flow:inventory",
                                "xmlns:mhuu": "urn:opendaylight:inventory"
                            },
                            "children": [],
                            "value": "/mhuu:nodes/mhuu:node[mhuu:id='openflow:1']/hlhh:table[hlhh:id='0']/hlhh:flow[hlhh:id='072121']/hlhh:instructions/hlhh:instruction[hlhh:order='0']/hlhh:apply-actions/hlhh:action[hlhh:order='0']/hlhh:output-action/hlhh:output-node-connector"
                        },
                        {
                            "name": "operation",
                            "attributes": {},
                            "children": [],
                            "value": "deleted"
                        }
                    ],
                    "value": ""
                },
                {
                    "name": "data-change-event",
                    "attributes": {},
                    "children": [{
                            "name": "path",
                            "attributes": {
                                "xmlns:ekwc": "urn:opendaylight:flow:inventory",
                                "xmlns:urpo": "urn:opendaylight:inventory"
                            },
                            "children": [],
                            "value": "/urpo:nodes/urpo:node[urpo:id='openflow:1']/ekwc:table[ekwc:id='0']/ekwc:flow[ekwc:id='072121']/ekwc:priority"
                        },
                        {
                            "name": "operation",
                            "attributes": {},
                            "children": [],
                            "value": "deleted"
                        }
                    ],
                    "value": ""
                },
                {
                    "name": "data-change-event",
                    "attributes": {},
                    "children": [{
                            "name": "path",
                            "attributes": {
                                "xmlns:igwr": "urn:opendaylight:inventory",
                                "xmlns:sogj": "urn:opendaylight:flow:inventory"
                            },
                            "children": [],
                            "value": "/igwr:nodes/igwr:node[igwr:id='openflow:1']/sogj:table[sogj:id='0']/sogj:flow[sogj:id='072121']/sogj:table_id"
                        },
                        {
                            "name": "operation",
                            "attributes": {},
                            "children": [],
                            "value": "deleted"
                        }
                    ],
                    "value": ""
                },
                {
                    "name": "data-change-event",
                    "attributes": {},
                    "children": [{
                            "name": "path",
                            "attributes": {
                                "xmlns:poqd": "urn:opendaylight:inventory",
                                "xmlns:pytu": "urn:opendaylight:flow:inventory"
                            },
                            "children": [],
                            "value": "/poqd:nodes/poqd:node[poqd:id='openflow:1']/pytu:table[pytu:id='0']/pytu:flow[pytu:id='072121']/pytu:idle-timeout"
                        },
                        {
                            "name": "operation",
                            "attributes": {},
                            "children": [],
                            "value": "deleted"
                        }
                    ],
                    "value": ""
                },
                {
                    "name": "data-change-event",
                    "attributes": {},
                    "children": [{
                            "name": "path",
                            "attributes": {
                                "xmlns:sikf": "urn:opendaylight:inventory",
                                "xmlns:swzs": "urn:opendaylight:flow:inventory"
                            },
                            "children": [],
                            "value": "/sikf:nodes/sikf:node[sikf:id='openflow:1']/swzs:table[swzs:id='0']/swzs:flow[swzs:id='072121']/swzs:instructions/swzs:instruction[swzs:order='0']/swzs:apply-actions/swzs:action[swzs:order='0']/swzs:order"
                        },
                        {
                            "name": "operation",
                            "attributes": {},
                            "children": [],
                            "value": "deleted"
                        }
                    ],
                    "value": ""
                },
                {
                    "name": "data-change-event",
                    "attributes": {},
                    "children": [{
                            "name": "path",
                            "attributes": {
                                "xmlns:lomp": "urn:opendaylight:flow:inventory",
                                "xmlns:mxyg": "urn:opendaylight:inventory"
                            },
                            "children": [],
                            "value": "/mxyg:nodes/mxyg:node[mxyg:id='openflow:1']/lomp:table[lomp:id='0']/lomp:flow[lomp:id='072121']/lomp:instructions/lomp:instruction[lomp:order='0']/lomp:apply-actions"
                        },
                        {
                            "name": "operation",
                            "attributes": {},
                            "children": [],
                            "value": "deleted"
                        }
                    ],
                    "value": ""
                },
                {
                    "name": "data-change-event",
                    "attributes": {},
                    "children": [{
                            "name": "path",
                            "attributes": {
                                "xmlns:qbhm": "urn:opendaylight:flow:inventory",
                                "xmlns:waro": "urn:opendaylight:inventory"
                            },
                            "children": [],
                            "value": "/waro:nodes/waro:node[waro:id='openflow:1']/qbhm:table[qbhm:id='0']/qbhm:flow[qbhm:id='072121']/qbhm:instructions/qbhm:instruction[qbhm:order='0']/qbhm:apply-actions/qbhm:action[qbhm:order='0']"
                        },
                        {
                            "name": "operation",
                            "attributes": {},
                            "children": [],
                            "value": "deleted"
                        }
                    ],
                    "value": ""
                },
                {
                    "name": "data-change-event",
                    "attributes": {},
                    "children": [{
                            "name": "path",
                            "attributes": {
                                "xmlns:bdre": "urn:opendaylight:flow:inventory",
                                "xmlns:wvmk": "urn:opendaylight:inventory"
                            },
                            "children": [],
                            "value": "/wvmk:nodes/wvmk:node[wvmk:id='openflow:1']/bdre:table[bdre:id='0']/bdre:flow[bdre:id='072121']/bdre:hard-timeout"
                        },
                        {
                            "name": "operation",
                            "attributes": {},
                            "children": [],
                            "value": "deleted"
                        }
                    ],
                    "value": ""
                },
                {
                    "name": "data-change-event",
                    "attributes": {},
                    "children": [{
                            "name": "path",
                            "attributes": {
                                "xmlns:vuvg": "urn:opendaylight:flow:inventory",
                                "xmlns:zklc": "urn:opendaylight:inventory"
                            },
                            "children": [],
                            "value": "/zklc:nodes/zklc:node[zklc:id='openflow:1']/vuvg:table[vuvg:id='0']/vuvg:flow[vuvg:id='072121']/vuvg:installHw"
                        },
                        {
                            "name": "operation",
                            "attributes": {},
                            "children": [],
                            "value": "deleted"
                        }
                    ],
                    "value": ""
                },
                {
                    "name": "data-change-event",
                    "attributes": {},
                    "children": [{
                            "name": "path",
                            "attributes": {
                                "xmlns:pcob": "urn:opendaylight:flow:inventory",
                                "xmlns:uldq": "urn:opendaylight:inventory"
                            },
                            "children": [],
                            "value": "/uldq:nodes/uldq:node[uldq:id='openflow:1']/pcob:table[pcob:id='0']/pcob:flow[pcob:id='072121']/pcob:instructions"
                        },
                        {
                            "name": "operation",
                            "attributes": {},
                            "children": [],
                            "value": "deleted"
                        }
                    ],
                    "value": ""
                },
                {
                    "name": "data-change-event",
                    "attributes": {},
                    "children": [{
                            "name": "path",
                            "attributes": {
                                "xmlns:gydh": "urn:opendaylight:flow:inventory",
                                "xmlns:kvnc": "urn:opendaylight:inventory"
                            },
                            "children": [],
                            "value": "/kvnc:nodes/kvnc:node[kvnc:id='openflow:1']/gydh:table[gydh:id='0']/gydh:flow[gydh:id='072121']/gydh:instructions/gydh:instruction[gydh:order='0']/gydh:order"
                        },
                        {
                            "name": "operation",
                            "attributes": {},
                            "children": [],
                            "value": "deleted"
                        }
                    ],
                    "value": ""
                },
                {
                    "name": "data-change-event",
                    "attributes": {},
                    "children": [{
                            "name": "path",
                            "attributes": {
                                "xmlns:hlwo": "urn:opendaylight:flow:inventory",
                                "xmlns:xqsk": "urn:opendaylight:inventory"
                            },
                            "children": [],
                            "value": "/xqsk:nodes/xqsk:node[xqsk:id='openflow:1']/hlwo:table[hlwo:id='0']/hlwo:flow[hlwo:id='072121']/hlwo:match/hlwo:in-port"
                        },
                        {
                            "name": "operation",
                            "attributes": {},
                            "children": [],
                            "value": "deleted"
                        }
                    ],
                    "value": ""
                },
                {
                    "name": "data-change-event",
                    "attributes": {},
                    "children": [{
                            "name": "path",
                            "attributes": {
                                "xmlns:hrwy": "urn:opendaylight:flow:inventory",
                                "xmlns:tqyb": "urn:opendaylight:inventory"
                            },
                            "children": [],
                            "value": "/tqyb:nodes/tqyb:node[tqyb:id='openflow:1']/hrwy:table[hrwy:id='0']/hrwy:flow[hrwy:id='072121']/hrwy:instructions/hrwy:instruction[hrwy:order='0']"
                        },
                        {
                            "name": "operation",
                            "attributes": {},
                            "children": [],
                            "value": "deleted"
                        }
                    ],
                    "value": ""
                },
                {
                    "name": "data-change-event",
                    "attributes": {},
                    "children": [{
                            "name": "path",
                            "attributes": {
                                "xmlns:bkmt": "urn:opendaylight:flow:inventory",
                                "xmlns:kaqb": "urn:opendaylight:inventory"
                            },
                            "children": [],
                            "value": "/kaqb:nodes/kaqb:node[kaqb:id='openflow:1']/bkmt:table[bkmt:id='0']/bkmt:flow[bkmt:id='072121']/bkmt:strict"
                        },
                        {
                            "name": "operation",
                            "attributes": {},
                            "children": [],
                            "value": "deleted"
                        }
                    ],
                    "value": ""
                },
                {
                    "name": "data-change-event",
                    "attributes": {},
                    "children": [{
                            "name": "path",
                            "attributes": {
                                "xmlns:nbbe": "urn:opendaylight:inventory",
                                "xmlns:wjoe": "urn:opendaylight:flow:inventory"
                            },
                            "children": [],
                            "value": "/nbbe:nodes/nbbe:node[nbbe:id='openflow:1']/wjoe:table[wjoe:id='0']/wjoe:flow[wjoe:id='072121']"
                        },
                        {
                            "name": "operation",
                            "attributes": {},
                            "children": [],
                            "value": "deleted"
                        }
                    ],
                    "value": ""
                },
                {
                    "name": "data-change-event",
                    "attributes": {},
                    "children": [{
                            "name": "path",
                            "attributes": {
                                "xmlns:kqtp": "urn:opendaylight:flow:inventory",
                                "xmlns:kutv": "urn:opendaylight:inventory"
                            },
                            "children": [],
                            "value": "/kutv:nodes/kutv:node[kutv:id='openflow:1']/kqtp:table[kqtp:id='0']/kqtp:flow[kqtp:id='072121']/kqtp:instructions/kqtp:instruction[kqtp:order='0']/kqtp:apply-actions/kqtp:action[kqtp:order='0']/kqtp:output-action"
                        },
                        {
                            "name": "operation",
                            "attributes": {},
                            "children": [],
                            "value": "deleted"
                        }
                    ],
                    "value": ""
                },
                {
                    "name": "data-change-event",
                    "attributes": {},
                    "children": [{
                            "name": "path",
                            "attributes": {
                                "xmlns:nvst": "urn:opendaylight:flow:inventory",
                                "xmlns:yfbp": "urn:opendaylight:inventory"
                            },
                            "children": [],
                            "value": "/yfbp:nodes/yfbp:node[yfbp:id='openflow:1']/nvst:table[nvst:id='0']/nvst:flow[nvst:id='072121']/nvst:match"
                        },
                        {
                            "name": "operation",
                            "attributes": {},
                            "children": [],
                            "value": "deleted"
                        }
                    ],
                    "value": ""
                },
                {
                    "name": "data-change-event",
                    "attributes": {},
                    "children": [{
                            "name": "path",
                            "attributes": {
                                "xmlns:iepb": "urn:opendaylight:flow:inventory",
                                "xmlns:misk": "urn:opendaylight:inventory"
                            },
                            "children": [],
                            "value": "/misk:nodes/misk:node[misk:id='openflow:1']/iepb:table[iepb:id='0']/iepb:flow[iepb:id='072121']/iepb:id"
                        },
                        {
                            "name": "operation",
                            "attributes": {},
                            "children": [],
                            "value": "deleted"
                        }
                    ],
                    "value": ""
                }
            ],
            "value": ""
        }
    ],
    "value": ""
}