<?xml version="1.0" encoding="UTF-8" standalone="no"?>
<notification xmlns="urn:ietf:params:xml:ns:netconf:notification:1.0">
    <eventTime>2022-04-27T04:33:01+02:00</eventTime>
    <data-changed-notification xmlns="urn:opendaylight:params:xml:ns:yang:controller:md:sal:remote">
        <data-change-event>
            <path xmlns:fmar="urn:opendaylight:inventory" xmlns:lzyq="urn:opendaylight:flow:inventory">/fmar:nodes/fmar:node[fmar:id='openflow:1']/lzyq:table[lzyq:id='2']</path>
            <operation>updated</operation>
            <data>
                <table xmlns="urn:opendaylight:flow:inventory">
                    <id>2</id>
                    <flow>
                        <id>113</id>
                        <cookie>10</cookie>
                        <barrier>false</barrier>
                        <out_group>2</out_group>
                        <priority>5</priority>
                        <instructions>
                            <instruction>
                                <order>1</order>
                                <apply-actions>
                                    <action>
                                        <order>1</order>
                                        <flood-all-action/>
                                    </action>
                                </apply-actions>
                            </instruction>
                        </instructions>
                        <out_port>10</out_port>
                        <installHw>true</installHw>
                        <cookie_mask>10</cookie_mask>
                        <match>
                            <ipv4-destination>10.0.0.1/24</ipv4-destination>
                            <ethernet-match>
                                <ethernet-type>
                                    <type>2048</type>
                                </ethernet-type>
                            </ethernet-match>
                        </match>
                        <hard-timeout>0</hard-timeout>
                        <flow-name>mhamed</flow-name>
                        <table_id>2</table_id>
                        <idle-timeout>0</idle-timeout>
                        <strict>false</strict>
                    </flow>
                    <flow>
                        <id>111</id>
                        <cookie>10</cookie>
                        <barrier>false</barrier>
                        <out_group>2</out_group>
                        <priority>2</priority>
                        <instructions>
                            <instruction>
                                <order>1</order>
                                <apply-actions>
                                    <action>
                                        <order>1</order>
                                        <flood-all-action/>
                                    </action>
                                </apply-actions>
                            </instruction>
                        </instructions>
                        <out_port>10</out_port>
                        <installHw>false</installHw>
                        <cookie_mask>10</cookie_mask>
                        <match>
                            <ipv4-destination>10.0.0.1/24</ipv4-destination>
                            <ethernet-match>
                                <ethernet-type>
                                    <type>2048</type>
                                </ethernet-type>
                            </ethernet-match>
                        </match>
                        <hard-timeout>0</hard-timeout>
                        <flow-name>FooXf22</flow-name>
                        <table_id>2</table_id>
                        <idle-timeout>0</idle-timeout>
                        <strict>true</strict>
                    </flow>
                    <flow>
                        <id>121</id>
                        <cookie>10</cookie>
                        <barrier>false</barrier>
                        <out_group>2</out_group>
                        <priority>5</priority>
                        <instructions>
                            <instruction>
                                <order>1</order>
                                <apply-actions>
                                    <action>
                                        <order>1</order>
                                        <flood-all-action/>
                                    </action>
                                </apply-actions>
                            </instruction>
                        </instructions>
                        <out_port>10</out_port>
                        <installHw>true</installHw>
                        <cookie_mask>10</cookie_mask>
                        <match>
                            <ipv4-destination>10.0.0.1/24</ipv4-destination>
                            <ethernet-match>
                                <ethernet-type>
                                    <type>2048</type>
                                </ethernet-type>
                            </ethernet-match>
                        </match>
                        <hard-timeout>0</hard-timeout>
                        <flow-name>mhamed</flow-name>
                        <table_id>2</table_id>
                        <idle-timeout>0</idle-timeout>
                        <strict>false</strict>
                    </flow>
                    <flow>
                        <id>125</id>
                        <cookie>10</cookie>
                        <barrier>false</barrier>
                        <out_group>2</out_group>
                        <priority>5</priority>
                        <instructions>
                            <instruction>
                                <order>1</order>
                                <apply-actions>
                                    <action>
                                        <order>1</order>
                                        <flood-all-action/>
                                    </action>
                                </apply-actions>
                            </instruction>
                        </instructions>
                        <out_port>10</out_port>
                        <installHw>true</installHw>
                        <cookie_mask>10</cookie_mask>
                        <match>
                            <ipv4-destination>10.0.0.1/24</ipv4-destination>
                            <ethernet-match>
                                <ethernet-type>
                                    <type>2048</type>
                                </ethernet-type>
                            </ethernet-match>
                        </match>
                        <hard-timeout>0</hard-timeout>
                        <flow-name>mhamed</flow-name>
                        <table_id>2</table_id>
                        <idle-timeout>0</idle-timeout>
                        <strict>false</strict>
                    </flow>
                </table>
            </data>
        </data-change-event>
        <data-change-event>
            <path xmlns:fnmh="urn:opendaylight:inventory">/fnmh:nodes/fnmh:node[fnmh:id='openflow:1']</path>
            <operation>updated</operation>
            <data>
                <node xmlns="urn:opendaylight:inventory">
                    <id>openflow:1</id>
                    <table xmlns="urn:opendaylight:flow:inventory">
                        <id>2</id>
                        <flow>
                            <id>113</id>
                            <cookie>10</cookie>
                            <barrier>false</barrier>
                            <out_group>2</out_group>
                            <priority>5</priority>
                            <instructions>
                                <instruction>
                                    <order>1</order>
                                    <apply-actions>
                                        <action>
                                            <order>1</order>
                                            <flood-all-action/>
                                        </action>
                                    </apply-actions>
                                </instruction>
                            </instructions>
                            <out_port>10</out_port>
                            <installHw>true</installHw>
                            <cookie_mask>10</cookie_mask>
                            <match>
                                <ipv4-destination>10.0.0.1/24</ipv4-destination>
                                <ethernet-match>
                                    <ethernet-type>
                                        <type>2048</type>
                                    </ethernet-type>
                                </ethernet-match>
                            </match>
                            <hard-timeout>0</hard-timeout>
                            <flow-name>mhamed</flow-name>
                            <table_id>2</table_id>
                            <idle-timeout>0</idle-timeout>
                            <strict>false</strict>
                        </flow>
                        <flow>
                            <id>111</id>
                            <cookie>10</cookie>
                            <barrier>false</barrier>
                            <out_group>2</out_group>
                            <priority>2</priority>
                            <instructions>
                                <instruction>
                                    <order>1</order>
                                    <apply-actions>
                                        <action>
                                            <order>1</order>
                                            <flood-all-action/>
                                        </action>
                                    </apply-actions>
                                </instruction>
                            </instructions>
                            <out_port>10</out_port>
                            <installHw>false</installHw>
                            <cookie_mask>10</cookie_mask>
                            <match>
                                <ipv4-destination>10.0.0.1/24</ipv4-destination>
                                <ethernet-match>
                                    <ethernet-type>
                                        <type>2048</type>
                                    </ethernet-type>
                                </ethernet-match>
                            </match>
                            <hard-timeout>0</hard-timeout>
                            <flow-name>FooXf22</flow-name>
                            <table_id>2</table_id>
                            <idle-timeout>0</idle-timeout>
                            <strict>true</strict>
                        </flow>
                        <flow>
                            <id>121</id>
                            <cookie>10</cookie>
                            <barrier>false</barrier>
                            <out_group>2</out_group>
                            <priority>5</priority>
                            <instructions>
                                <instruction>
                                    <order>1</order>
                                    <apply-actions>
                                        <action>
                                            <order>1</order>
                                            <flood-all-action/>
                                        </action>
                                    </apply-actions>
                                </instruction>
                            </instructions>
                            <out_port>10</out_port>
                            <installHw>true</installHw>
                            <cookie_mask>10</cookie_mask>
                            <match>
                                <ipv4-destination>10.0.0.1/24</ipv4-destination>
                                <ethernet-match>
                                    <ethernet-type>
                                        <type>2048</type>
                                    </ethernet-type>
                                </ethernet-match>
                            </match>
                            <hard-timeout>0</hard-timeout>
                            <flow-name>mhamed</flow-name>
                            <table_id>2</table_id>
                            <idle-timeout>0</idle-timeout>
                            <strict>false</strict>
                        </flow>
                        <flow>
                            <id>125</id>
                            <cookie>10</cookie>
                            <barrier>false</barrier>
                            <out_group>2</out_group>
                            <priority>5</priority>
                            <instructions>
                                <instruction>
                                    <order>1</order>
                                    <apply-actions>
                                        <action>
                                            <order>1</order>
                                            <flood-all-action/>
                                        </action>
                                    </apply-actions>
                                </instruction>
                            </instructions>
                            <out_port>10</out_port>
                            <installHw>true</installHw>
                            <cookie_mask>10</cookie_mask>
                            <match>
                                <ipv4-destination>10.0.0.1/24</ipv4-destination>
                                <ethernet-match>
                                    <ethernet-type>
                                        <type>2048</type>
                                    </ethernet-type>
                                </ethernet-match>
                            </match>
                            <hard-timeout>0</hard-timeout>
                            <flow-name>mhamed</flow-name>
                            <table_id>2</table_id>
                            <idle-timeout>0</idle-timeout>
                            <strict>false</strict>
                        </flow>
                    </table>
                </node>
            </data>
        </data-change-event>
        <data-change-event>
            <path xmlns:ohye="urn:opendaylight:inventory">/ohye:nodes</path>
            <operation>updated</operation>
            <data>
                <nodes xmlns="urn:opendaylight:inventory">
                    <node>
                        <id>openflow:1</id>
                        <table xmlns="urn:opendaylight:flow:inventory">
                            <id>2</id>
                            <flow>
                                <id>113</id>
                                <cookie>10</cookie>
                                <barrier>false</barrier>
                                <out_group>2</out_group>
                                <priority>5</priority>
                                <instructions>
                                    <instruction>
                                        <order>1</order>
                                        <apply-actions>
                                            <action>
                                                <order>1</order>
                                                <flood-all-action/>
                                            </action>
                                        </apply-actions>
                                    </instruction>
                                </instructions>
                                <out_port>10</out_port>
                                <installHw>true</installHw>
                                <cookie_mask>10</cookie_mask>
                                <match>
                                    <ipv4-destination>10.0.0.1/24</ipv4-destination>
                                    <ethernet-match>
                                        <ethernet-type>
                                            <type>2048</type>
                                        </ethernet-type>
                                    </ethernet-match>
                                </match>
                                <hard-timeout>0</hard-timeout>
                                <flow-name>mhamed</flow-name>
                                <table_id>2</table_id>
                                <idle-timeout>0</idle-timeout>
                                <strict>false</strict>
                            </flow>
                            <flow>
                                <id>111</id>
                                <cookie>10</cookie>
                                <barrier>false</barrier>
                                <out_group>2</out_group>
                                <priority>2</priority>
                                <instructions>
                                    <instruction>
                                        <order>1</order>
                                        <apply-actions>
                                            <action>
                                                <order>1</order>
                                                <flood-all-action/>
                                            </action>
                                        </apply-actions>
                                    </instruction>
                                </instructions>
                                <out_port>10</out_port>
                                <installHw>false</installHw>
                                <cookie_mask>10</cookie_mask>
                                <match>
                                    <ipv4-destination>10.0.0.1/24</ipv4-destination>
                                    <ethernet-match>
                                        <ethernet-type>
                                            <type>2048</type>
                                        </ethernet-type>
                                    </ethernet-match>
                                </match>
                                <hard-timeout>0</hard-timeout>
                                <flow-name>FooXf22</flow-name>
                                <table_id>2</table_id>
                                <idle-timeout>0</idle-timeout>
                                <strict>true</strict>
                            </flow>
                            <flow>
                                <id>121</id>
                                <cookie>10</cookie>
                                <barrier>false</barrier>
                                <out_group>2</out_group>
                                <priority>5</priority>
                                <instructions>
                                    <instruction>
                                        <order>1</order>
                                        <apply-actions>
                                            <action>
                                                <order>1</order>
                                                <flood-all-action/>
                                            </action>
                                        </apply-actions>
                                    </instruction>
                                </instructions>
                                <out_port>10</out_port>
                                <installHw>true</installHw>
                                <cookie_mask>10</cookie_mask>
                                <match>
                                    <ipv4-destination>10.0.0.1/24</ipv4-destination>
                                    <ethernet-match>
                                        <ethernet-type>
                                            <type>2048</type>
                                        </ethernet-type>
                                    </ethernet-match>
                                </match>
                                <hard-timeout>0</hard-timeout>
                                <flow-name>mhamed</flow-name>
                                <table_id>2</table_id>
                                <idle-timeout>0</idle-timeout>
                                <strict>false</strict>
                            </flow>
                            <flow>
                                <id>125</id>
                                <cookie>10</cookie>
                                <barrier>false</barrier>
                                <out_group>2</out_group>
                                <priority>5</priority>
                                <instructions>
                                    <instruction>
                                        <order>1</order>
                                        <apply-actions>
                                            <action>
                                                <order>1</order>
                                                <flood-all-action/>
                                            </action>
                                        </apply-actions>
                                    </instruction>
                                </instructions>
                                <out_port>10</out_port>
                                <installHw>true</installHw>
                                <cookie_mask>10</cookie_mask>
                                <match>
                                    <ipv4-destination>10.0.0.1/24</ipv4-destination>
                                    <ethernet-match>
                                        <ethernet-type>
                                            <type>2048</type>
                                        </ethernet-type>
                                    </ethernet-match>
                                </match>
                                <hard-timeout>0</hard-timeout>
                                <flow-name>mhamed</flow-name>
                                <table_id>2</table_id>
                                <idle-timeout>0</idle-timeout>
                                <strict>false</strict>
                            </flow>
                        </table>
                    </node>
                </nodes>
            </data>
        </data-change-event>
        <data-change-event>
            <path xmlns:gdjl="urn:opendaylight:flow:inventory" xmlns:vspt="urn:opendaylight:inventory">/vspt:nodes/vspt:node[vspt:id='openflow:1']/gdjl:table[gdjl:id='2']/gdjl:flow[gdjl:id='122']/gdjl:strict</path>
            <operation>deleted</operation>
        </data-change-event>
        <data-change-event>
            <path xmlns:jsst="urn:opendaylight:inventory" xmlns:yodv="urn:opendaylight:flow:inventory">/jsst:nodes/jsst:node[jsst:id='openflow:1']/yodv:table[yodv:id='2']/yodv:flow[yodv:id='122']/yodv:id</path>
            <operation>deleted</operation>
        </data-change-event>
        <data-change-event>
            <path xmlns:hlgq="urn:opendaylight:inventory" xmlns:uxmf="urn:opendaylight:flow:inventory">/hlgq:nodes/hlgq:node[hlgq:id='openflow:1']/uxmf:table[uxmf:id='2']/uxmf:flow[uxmf:id='122']/uxmf:idle-timeout</path>
            <operation>deleted</operation>
        </data-change-event>
        <data-change-event>
            <path xmlns:hpvd="urn:opendaylight:inventory" xmlns:xscz="urn:opendaylight:flow:inventory">/hpvd:nodes/hpvd:node[hpvd:id='openflow:1']/xscz:table[xscz:id='2']/xscz:flow[xscz:id='122']/xscz:out_port</path>
            <operation>deleted</operation>
        </data-change-event>
        <data-change-event>
            <path xmlns:bqgi="urn:opendaylight:inventory" xmlns:ytdc="urn:opendaylight:flow:inventory">/bqgi:nodes/bqgi:node[bqgi:id='openflow:1']/ytdc:table[ytdc:id='2']/ytdc:flow[ytdc:id='122']/ytdc:match/ytdc:ethernet-match</path>
            <operation>deleted</operation>
        </data-change-event>
        <data-change-event>
            <path xmlns:huwv="urn:opendaylight:inventory" xmlns:jzvh="urn:opendaylight:flow:inventory">/huwv:nodes/huwv:node[huwv:id='openflow:1']/jzvh:table[jzvh:id='2']/jzvh:flow[jzvh:id='122']/jzvh:match</path>
            <operation>deleted</operation>
        </data-change-event>
        <data-change-event>
            <path xmlns:jrjv="urn:opendaylight:flow:inventory" xmlns:jxmz="urn:opendaylight:inventory">/jxmz:nodes/jxmz:node[jxmz:id='openflow:1']/jrjv:table[jrjv:id='2']/jrjv:flow[jrjv:id='122']/jrjv:instructions</path>
            <operation>deleted</operation>
        </data-change-event>
        <data-change-event>
            <path xmlns:iibm="urn:opendaylight:inventory" xmlns:sucn="urn:opendaylight:flow:inventory">/iibm:nodes/iibm:node[iibm:id='openflow:1']/sucn:table[sucn:id='2']/sucn:flow[sucn:id='122']</path>
            <operation>deleted</operation>
        </data-change-event>
        <data-change-event>
            <path xmlns:gweb="urn:opendaylight:flow:inventory" xmlns:kuff="urn:opendaylight:inventory">/kuff:nodes/kuff:node[kuff:id='openflow:1']/gweb:table[gweb:id='2']/gweb:flow[gweb:id='122']/gweb:instructions/gweb:instruction[gweb:order='1']/gweb:apply-actions/gweb:action[gweb:order='1']/gweb:order</path>
            <operation>deleted</operation>
        </data-change-event>
        <data-change-event>
            <path xmlns:kffr="urn:opendaylight:inventory" xmlns:lhad="urn:opendaylight:flow:inventory">/kffr:nodes/kffr:node[kffr:id='openflow:1']/lhad:table[lhad:id='2']/lhad:flow[lhad:id='122']/lhad:priority</path>
            <operation>deleted</operation>
        </data-change-event>
        <data-change-event>
            <path xmlns:nkqf="urn:opendaylight:inventory" xmlns:oqqo="urn:opendaylight:flow:inventory">/nkqf:nodes/nkqf:node[nkqf:id='openflow:1']/oqqo:table[oqqo:id='2']/oqqo:flow[oqqo:id='122']/oqqo:table_id</path>
            <operation>deleted</operation>
        </data-change-event>
        <data-change-event>
            <path xmlns:damr="urn:opendaylight:flow:inventory" xmlns:uorb="urn:opendaylight:inventory">/uorb:nodes/uorb:node[uorb:id='openflow:1']/damr:table[damr:id='2']/damr:flow[damr:id='122']/damr:installHw</path>
            <operation>deleted</operation>
        </data-change-event>
        <data-change-event>
            <path xmlns:gfsk="urn:opendaylight:inventory" xmlns:pmtr="urn:opendaylight:flow:inventory">/gfsk:nodes/gfsk:node[gfsk:id='openflow:1']/pmtr:table[pmtr:id='2']/pmtr:flow[pmtr:id='122']/pmtr:cookie</path>
            <operation>deleted</operation>
        </data-change-event>
        <data-change-event>
            <path xmlns:ljia="urn:opendaylight:inventory" xmlns:oqrb="urn:opendaylight:flow:inventory">/ljia:nodes/ljia:node[ljia:id='openflow:1']/oqrb:table[oqrb:id='2']/oqrb:flow[oqrb:id='122']/oqrb:barrier</path>
            <operation>deleted</operation>
        </data-change-event>
        <data-change-event>
            <path xmlns:hjrs="urn:opendaylight:flow:inventory" xmlns:lhyr="urn:opendaylight:inventory">/lhyr:nodes/lhyr:node[lhyr:id='openflow:1']/hjrs:table[hjrs:id='2']/hjrs:flow[hjrs:id='122']/hjrs:instructions/hjrs:instruction[hjrs:order='1']/hjrs:apply-actions/hjrs:action[hjrs:order='1']/hjrs:flood-all-action</path>
            <operation>deleted</operation>
        </data-change-event>
        <data-change-event>
            <path xmlns:fjtb="urn:opendaylight:flow:inventory" xmlns:ibkc="urn:opendaylight:inventory">/ibkc:nodes/ibkc:node[ibkc:id='openflow:1']/fjtb:table[fjtb:id='2']/fjtb:flow[fjtb:id='122']/fjtb:match/fjtb:ipv4-destination</path>
            <operation>deleted</operation>
        </data-change-event>
        <data-change-event>
            <path xmlns:hxwo="urn:opendaylight:flow:inventory" xmlns:skkw="urn:opendaylight:inventory">/skkw:nodes/skkw:node[skkw:id='openflow:1']/hxwo:table[hxwo:id='2']/hxwo:flow[hxwo:id='122']/hxwo:match/hxwo:ethernet-match/hxwo:ethernet-type</path>
            <operation>deleted</operation>
        </data-change-event>
        <data-change-event>
            <path xmlns:jncm="urn:opendaylight:inventory" xmlns:umpp="urn:opendaylight:flow:inventory">/jncm:nodes/jncm:node[jncm:id='openflow:1']/umpp:table[umpp:id='2']/umpp:flow[umpp:id='122']/umpp:flow-name</path>
            <operation>deleted</operation>
        </data-change-event>
        <data-change-event>
            <path xmlns:ieoq="urn:opendaylight:flow:inventory" xmlns:sjku="urn:opendaylight:inventory">/sjku:nodes/sjku:node[sjku:id='openflow:1']/ieoq:table[ieoq:id='2']/ieoq:flow[ieoq:id='122']/ieoq:out_group</path>
            <operation>deleted</operation>
        </data-change-event>
        <data-change-event>
            <path xmlns:rkea="urn:opendaylight:flow:inventory" xmlns:yxpt="urn:opendaylight:inventory">/yxpt:nodes/yxpt:node[yxpt:id='openflow:1']/rkea:table[rkea:id='2']/rkea:flow[rkea:id='122']/rkea:instructions/rkea:instruction[rkea:order='1']</path>
            <operation>deleted</operation>
        </data-change-event>
        <data-change-event>
            <path xmlns:onbb="urn:opendaylight:inventory" xmlns:rmuv="urn:opendaylight:flow:inventory">/onbb:nodes/onbb:node[onbb:id='openflow:1']/rmuv:table[rmuv:id='2']/rmuv:flow[rmuv:id='122']/rmuv:hard-timeout</path>
            <operation>deleted</operation>
        </data-change-event>
        <data-change-event>
            <path xmlns:bcrb="urn:opendaylight:flow:inventory" xmlns:jqqc="urn:opendaylight:inventory">/jqqc:nodes/jqqc:node[jqqc:id='openflow:1']/bcrb:table[bcrb:id='2']/bcrb:flow[bcrb:id='122']/bcrb:cookie_mask</path>
            <operation>deleted</operation>
        </data-change-event>
        <data-change-event>
            <path xmlns:drii="urn:opendaylight:flow:inventory" xmlns:wpbl="urn:opendaylight:inventory">/wpbl:nodes/wpbl:node[wpbl:id='openflow:1']/drii:table[drii:id='2']/drii:flow[drii:id='122']/drii:match/drii:ethernet-match/drii:ethernet-type/drii:type</path>
            <operation>deleted</operation>
        </data-change-event>
        <data-change-event>
            <path xmlns:rlxo="urn:opendaylight:inventory" xmlns:vspv="urn:opendaylight:flow:inventory">/rlxo:nodes/rlxo:node[rlxo:id='openflow:1']/vspv:table[vspv:id='2']/vspv:flow[vspv:id='122']/vspv:instructions/vspv:instruction[vspv:order='1']/vspv:apply-actions</path>
            <operation>deleted</operation>
        </data-change-event>
        <data-change-event>
            <path xmlns:cbev="urn:opendaylight:flow:inventory" xmlns:pwir="urn:opendaylight:inventory">/pwir:nodes/pwir:node[pwir:id='openflow:1']/cbev:table[cbev:id='2']/cbev:flow[cbev:id='122']/cbev:instructions/cbev:instruction[cbev:order='1']/cbev:apply-actions/cbev:action[cbev:order='1']</path>
            <operation>deleted</operation>
        </data-change-event>
        <data-change-event>
            <path xmlns:ftbv="urn:opendaylight:flow:inventory" xmlns:jshu="urn:opendaylight:inventory">/jshu:nodes/jshu:node[jshu:id='openflow:1']/ftbv:table[ftbv:id='2']/ftbv:flow[ftbv:id='122']/ftbv:instructions/ftbv:instruction[ftbv:order='1']/ftbv:order</path>
            <operation>deleted</operation>
        </data-change-event>
    </data-changed-notification>
</notification>
