[{
        "name": "id",
        "attributes": {},
        "children": [],
        "value": "12"
    },
    {
        "name": "instructions",
        "attributes": {},
        "children": [{
            "name": "instruction",
            "attributes": {},
            "children": [{
                    "name": "order",
                    "attributes": {},
                    "children": [],
                    "value": "0"
                },
                {
                    "name": "apply-actions",
                    "attributes": {},
                    "children": [{
                        "name": "action",
                        "attributes": {},
                        "children": [{
                                "name": "order",
                                "attributes": {},
                                "children": [],
                                "value": "0"
                            },
                            {
                                "name": "drop-action",
                                "attributes": {},
                                "children": [],
                                "value": ""
                            }
                        ],
                        "value": ""
                    }],
                    "value": ""
                }
            ],
            "value": ""
        }],
        "value": ""
    },
    {
        "name": "installHw",
        "attributes": {},
        "children": [],
        "value": "false"
    },
    {
        "name": "match",
        "attributes": {},
        "children": [{
            "name": "in-port",
            "attributes": {},
            "children": [],
            "value": "openflow:1:2"
        }],
        "value": ""
    },
    {
        "name": "hard-timeout",
        "attributes": {},
        "children": [],
        "value": "0"
    },
    {
        "name": "priority",
        "attributes": {},
        "children": [],
        "value": "15"
    },
    {
        "name": "table_id",
        "attributes": {},
        "children": [],
        "value": "0"
    },
    {
        "name": "idle-timeout",
        "attributes": {},
        "children": [],
        "value": "0"
    },
    {
        "name": "strict",
        "attributes": {},
        "children": [],
        "value": "false"
    }
]