[{
        "name": "id",
        "attributes": {},
        "children": [],
        "value": "0"
    },
    {
        "name": "flow",
        "attributes": {},
        "children": [{
                "name": "id",
                "attributes": {},
                "children": [],
                "value": "rule4"
            },
            {
                "name": "instructions",
                "attributes": {},
                "children": [{
                    "name": "instruction",
                    "attributes": {},
                    "children": [{
                            "name": "order",
                            "attributes": {},
                            "children": [],
                            "value": "0"
                        },
                        {
                            "name": "apply-actions",
                            "attributes": {},
                            "children": [{
                                "name": "action",
                                "attributes": {},
                                "children": [{
                                        "name": "order",
                                        "attributes": {},
                                        "children": [],
                                        "value": "0"
                                    },
                                    {
                                        "name": "drop-action",
                                        "attributes": {},
                                        "children": [],
                                        "value": ""
                                    }
                                ],
                                "value": ""
                            }],
                            "value": ""
                        }
                    ],
                    "value": ""
                }],
                "value": ""
            },
            {
                "name": "installHw",
                "attributes": {},
                "children": [],
                "value": "false"
            },
            {
                "name": "match",
                "attributes": {},
                "children": [{
                    "name": "in-port",
                    "attributes": {},
                    "children": [],
                    "value": "openflow:1:3"
                }],
                "value": ""
            },
            {
                "name": "hard-timeout",
                "attributes": {},
                "children": [],
                "value": "0"
            },
            {
                "name": "priority",
                "attributes": {},
                "children": [],
                "value": "500"
            },
            {
                "name": "table_id",
                "attributes": {},
                "children": [],
                "value": "0"
            },
            {
                "name": "idle-timeout",
                "attributes": {},
                "children": [],
                "value": "0"
            },
            {
                "name": "strict",
                "attributes": {},
                "children": [],
                "value": "false"
            }
        ],
        "value": ""
    },
    {
        "name": "flow",
        "attributes": {},
        "children": [{
                "name": "id",
                "attributes": {},
                "children": [],
                "value": "rule5"
            },
            {
                "name": "instructions",
                "attributes": {},
                "children": [{
                    "name": "instruction",
                    "attributes": {},
                    "children": [{
                            "name": "order",
                            "attributes": {},
                            "children": [],
                            "value": "0"
                        },
                        {
                            "name": "apply-actions",
                            "attributes": {},
                            "children": [{
                                "name": "action",
                                "attributes": {},
                                "children": [{
                                        "name": "order",
                                        "attributes": {},
                                        "children": [],
                                        "value": "0"
                                    },
                                    {
                                        "name": "drop-action",
                                        "attributes": {},
                                        "children": [],
                                        "value": ""
                                    }
                                ],
                                "value": ""
                            }],
                            "value": ""
                        }
                    ],
                    "value": ""
                }],
                "value": ""
            },
            {
                "name": "installHw",
                "attributes": {},
                "children": [],
                "value": "false"
            },
            {
                "name": "match",
                "attributes": {},
                "children": [{
                    "name": "in-port",
                    "attributes": {},
                    "children": [],
                    "value": "openflow:1:2"
                }],
                "value": ""
            },
            {
                "name": "hard-timeout",
                "attributes": {},
                "children": [],
                "value": "0"
            },
            {
                "name": "priority",
                "attributes": {},
                "children": [],
                "value": "500"
            },
            {
                "name": "table_id",
                "attributes": {},
                "children": [],
                "value": "0"
            },
            {
                "name": "idle-timeout",
                "attributes": {},
                "children": [],
                "value": "0"
            },
            {
                "name": "strict",
                "attributes": {},
                "children": [],
                "value": "false"
            }
        ],
        "value": ""
    },
    {
        "name": "flow",
        "attributes": {},
        "children": [{
                "name": "id",
                "attributes": {},
                "children": [],
                "value": "rule6"
            },
            {
                "name": "instructions",
                "attributes": {},
                "children": [{
                    "name": "instruction",
                    "attributes": {},
                    "children": [{
                            "name": "order",
                            "attributes": {},
                            "children": [],
                            "value": "0"
                        },
                        {
                            "name": "apply-actions",
                            "attributes": {},
                            "children": [{
                                "name": "action",
                                "attributes": {},
                                "children": [{
                                        "name": "order",
                                        "attributes": {},
                                        "children": [],
                                        "value": "0"
                                    },
                                    {
                                        "name": "drop-action",
                                        "attributes": {},
                                        "children": [],
                                        "value": ""
                                    }
                                ],
                                "value": ""
                            }],
                            "value": ""
                        }
                    ],
                    "value": ""
                }],
                "value": ""
            },
            {
                "name": "installHw",
                "attributes": {},
                "children": [],
                "value": "false"
            },
            {
                "name": "match",
                "attributes": {},
                "children": [{
                    "name": "in-port",
                    "attributes": {},
                    "children": [],
                    "value": "openflow:1:2"
                }],
                "value": ""
            },
            {
                "name": "hard-timeout",
                "attributes": {},
                "children": [],
                "value": "0"
            },
            {
                "name": "priority",
                "attributes": {},
                "children": [],
                "value": "500"
            },
            {
                "name": "table_id",
                "attributes": {},
                "children": [],
                "value": "0"
            },
            {
                "name": "idle-timeout",
                "attributes": {},
                "children": [],
                "value": "0"
            },
            {
                "name": "strict",
                "attributes": {},
                "children": [],
                "value": "false"
            }
        ],
        "value": ""
    },
    {
        "name": "flow",
        "attributes": {},
        "children": [{
                "name": "id",
                "attributes": {},
                "children": [],
                "value": "rule7"
            },
            {
                "name": "instructions",
                "attributes": {},
                "children": [{
                    "name": "instruction",
                    "attributes": {},
                    "children": [{
                            "name": "order",
                            "attributes": {},
                            "children": [],
                            "value": "0"
                        },
                        {
                            "name": "apply-actions",
                            "attributes": {},
                            "children": [{
                                "name": "action",
                                "attributes": {},
                                "children": [{
                                        "name": "order",
                                        "attributes": {},
                                        "children": [],
                                        "value": "0"
                                    },
                                    {
                                        "name": "drop-action",
                                        "attributes": {},
                                        "children": [],
                                        "value": ""
                                    }
                                ],
                                "value": ""
                            }],
                            "value": ""
                        }
                    ],
                    "value": ""
                }],
                "value": ""
            },
            {
                "name": "installHw",
                "attributes": {},
                "children": [],
                "value": "false"
            },
            {
                "name": "match",
                "attributes": {},
                "children": [{
                    "name": "in-port",
                    "attributes": {},
                    "children": [],
                    "value": "openflow:1:2"
                }],
                "value": ""
            },
            {
                "name": "hard-timeout",
                "attributes": {},
                "children": [],
                "value": "0"
            },
            {
                "name": "priority",
                "attributes": {},
                "children": [],
                "value": "500"
            },
            {
                "name": "table_id",
                "attributes": {},
                "children": [],
                "value": "0"
            },
            {
                "name": "idle-timeout",
                "attributes": {},
                "children": [],
                "value": "0"
            },
            {
                "name": "strict",
                "attributes": {},
                "children": [],
                "value": "false"
            }
        ],
        "value": ""
    },
    {
        "name": "flow",
        "attributes": {},
        "children": [{
                "name": "id",
                "attributes": {},
                "children": [],
                "value": "rule0"
            },
            {
                "name": "instructions",
                "attributes": {},
                "children": [{
                    "name": "instruction",
                    "attributes": {},
                    "children": [{
                            "name": "order",
                            "attributes": {},
                            "children": [],
                            "value": "0"
                        },
                        {
                            "name": "apply-actions",
                            "attributes": {},
                            "children": [{
                                "name": "action",
                                "attributes": {},
                                "children": [{
                                        "name": "order",
                                        "attributes": {},
                                        "children": [],
                                        "value": "0"
                                    },
                                    {
                                        "name": "drop-action",
                                        "attributes": {},
                                        "children": [],
                                        "value": ""
                                    }
                                ],
                                "value": ""
                            }],
                            "value": ""
                        }
                    ],
                    "value": ""
                }],
                "value": ""
            },
            {
                "name": "installHw",
                "attributes": {},
                "children": [],
                "value": "false"
            },
            {
                "name": "match",
                "attributes": {},
                "children": [{
                    "name": "in-port",
                    "attributes": {},
                    "children": [],
                    "value": "openflow:1:3"
                }],
                "value": ""
            },
            {
                "name": "hard-timeout",
                "attributes": {},
                "children": [],
                "value": "0"
            },
            {
                "name": "priority",
                "attributes": {},
                "children": [],
                "value": "500"
            },
            {
                "name": "table_id",
                "attributes": {},
                "children": [],
                "value": "0"
            },
            {
                "name": "idle-timeout",
                "attributes": {},
                "children": [],
                "value": "0"
            },
            {
                "name": "strict",
                "attributes": {},
                "children": [],
                "value": "false"
            }
        ],
        "value": ""
    },
    {
        "name": "flow",
        "attributes": {},
        "children": [{
                "name": "id",
                "attributes": {},
                "children": [],
                "value": "rule1"
            },
            {
                "name": "instructions",
                "attributes": {},
                "children": [{
                    "name": "instruction",
                    "attributes": {},
                    "children": [{
                            "name": "order",
                            "attributes": {},
                            "children": [],
                            "value": "0"
                        },
                        {
                            "name": "apply-actions",
                            "attributes": {},
                            "children": [{
                                "name": "action",
                                "attributes": {},
                                "children": [{
                                        "name": "order",
                                        "attributes": {},
                                        "children": [],
                                        "value": "0"
                                    },
                                    {
                                        "name": "drop-action",
                                        "attributes": {},
                                        "children": [],
                                        "value": ""
                                    }
                                ],
                                "value": ""
                            }],
                            "value": ""
                        }
                    ],
                    "value": ""
                }],
                "value": ""
            },
            {
                "name": "installHw",
                "attributes": {},
                "children": [],
                "value": "false"
            },
            {
                "name": "match",
                "attributes": {},
                "children": [{
                    "name": "in-port",
                    "attributes": {},
                    "children": [],
                    "value": "openflow:1:1"
                }],
                "value": ""
            },
            {
                "name": "hard-timeout",
                "attributes": {},
                "children": [],
                "value": "0"
            },
            {
                "name": "priority",
                "attributes": {},
                "children": [],
                "value": "500"
            },
            {
                "name": "table_id",
                "attributes": {},
                "children": [],
                "value": "0"
            },
            {
                "name": "idle-timeout",
                "attributes": {},
                "children": [],
                "value": "0"
            },
            {
                "name": "strict",
                "attributes": {},
                "children": [],
                "value": "false"
            }
        ],
        "value": ""
    },
    {
        "name": "flow",
        "attributes": {},
        "children": [{
                "name": "id",
                "attributes": {},
                "children": [],
                "value": "rule2"
            },
            {
                "name": "instructions",
                "attributes": {},
                "children": [{
                    "name": "instruction",
                    "attributes": {},
                    "children": [{
                            "name": "order",
                            "attributes": {},
                            "children": [],
                            "value": "0"
                        },
                        {
                            "name": "apply-actions",
                            "attributes": {},
                            "children": [{
                                "name": "action",
                                "attributes": {},
                                "children": [{
                                        "name": "order",
                                        "attributes": {},
                                        "children": [],
                                        "value": "0"
                                    },
                                    {
                                        "name": "drop-action",
                                        "attributes": {},
                                        "children": [],
                                        "value": ""
                                    }
                                ],
                                "value": ""
                            }],
                            "value": ""
                        }
                    ],
                    "value": ""
                }],
                "value": ""
            },
            {
                "name": "installHw",
                "attributes": {},
                "children": [],
                "value": "false"
            },
            {
                "name": "match",
                "attributes": {},
                "children": [{
                    "name": "in-port",
                    "attributes": {},
                    "children": [],
                    "value": "openflow:1:2"
                }],
                "value": ""
            },
            {
                "name": "hard-timeout",
                "attributes": {},
                "children": [],
                "value": "0"
            },
            {
                "name": "priority",
                "attributes": {},
                "children": [],
                "value": "500"
            },
            {
                "name": "table_id",
                "attributes": {},
                "children": [],
                "value": "0"
            },
            {
                "name": "idle-timeout",
                "attributes": {},
                "children": [],
                "value": "0"
            },
            {
                "name": "strict",
                "attributes": {},
                "children": [],
                "value": "false"
            }
        ],
        "value": ""
    },
    {
        "name": "flow",
        "attributes": {},
        "children": [{
                "name": "id",
                "attributes": {},
                "children": [],
                "value": "rule3"
            },
            {
                "name": "instructions",
                "attributes": {},
                "children": [{
                    "name": "instruction",
                    "attributes": {},
                    "children": [{
                            "name": "order",
                            "attributes": {},
                            "children": [],
                            "value": "0"
                        },
                        {
                            "name": "apply-actions",
                            "attributes": {},
                            "children": [{
                                "name": "action",
                                "attributes": {},
                                "children": [{
                                        "name": "order",
                                        "attributes": {},
                                        "children": [],
                                        "value": "0"
                                    },
                                    {
                                        "name": "drop-action",
                                        "attributes": {},
                                        "children": [],
                                        "value": ""
                                    }
                                ],
                                "value": ""
                            }],
                            "value": ""
                        }
                    ],
                    "value": ""
                }],
                "value": ""
            },
            {
                "name": "installHw",
                "attributes": {},
                "children": [],
                "value": "false"
            },
            {
                "name": "match",
                "attributes": {},
                "children": [{
                    "name": "in-port",
                    "attributes": {},
                    "children": [],
                    "value": "openflow:1:3"
                }],
                "value": ""
            },
            {
                "name": "hard-timeout",
                "attributes": {},
                "children": [],
                "value": "0"
            },
            {
                "name": "priority",
                "attributes": {},
                "children": [],
                "value": "500"
            },
            {
                "name": "table_id",
                "attributes": {},
                "children": [],
                "value": "0"
            },
            {
                "name": "idle-timeout",
                "attributes": {},
                "children": [],
                "value": "0"
            },
            {
                "name": "strict",
                "attributes": {},
                "children": [],
                "value": "false"
            }
        ],
        "value": ""
    },
    {
        "name": "flow",
        "attributes": {},
        "children": [{
                "name": "id",
                "attributes": {},
                "children": [],
                "value": "123"
            },
            {
                "name": "instructions",
                "attributes": {},
                "children": [{
                    "name": "instruction",
                    "attributes": {},
                    "children": [{
                            "name": "order",
                            "attributes": {},
                            "children": [],
                            "value": "0"
                        },
                        {
                            "name": "apply-actions",
                            "attributes": {},
                            "children": [{
                                "name": "action",
                                "attributes": {},
                                "children": [{
                                        "name": "order",
                                        "attributes": {},
                                        "children": [],
                                        "value": "0"
                                    },
                                    {
                                        "name": "drop-action",
                                        "attributes": {},
                                        "children": [],
                                        "value": ""
                                    }
                                ],
                                "value": ""
                            }],
                            "value": ""
                        }
                    ],
                    "value": ""
                }],
                "value": ""
            },
            {
                "name": "installHw",
                "attributes": {},
                "children": [],
                "value": "false"
            },
            {
                "name": "match",
                "attributes": {},
                "children": [{
                    "name": "in-port",
                    "attributes": {},
                    "children": [],
                    "value": "openflow:1:2"
                }],
                "value": ""
            },
            {
                "name": "hard-timeout",
                "attributes": {},
                "children": [],
                "value": "0"
            },
            {
                "name": "priority",
                "attributes": {},
                "children": [],
                "value": "15"
            },
            {
                "name": "table_id",
                "attributes": {},
                "children": [],
                "value": "0"
            },
            {
                "name": "idle-timeout",
                "attributes": {},
                "children": [],
                "value": "0"
            },
            {
                "name": "strict",
                "attributes": {},
                "children": [],
                "value": "false"
            }
        ],
        "value": ""
    }
]